{"fCg8dEYtj/lU6+gBM77apA==":"www-1632431_960-720-122x119.png","jh0EzEEO2CKicFJ1gN62cQ==":"img-20190127-wa0038-1164x772.jpg","7jP16Cl+xGVWRTN+ZUMKjA==":"img_8915%20(copy)-868x579.jpg","qOOpV6HIBKe7u7WiBVRvsA==":"img_8915%20(copy)-868x579.jpg","XB//PM/uTatOAGD/QxBKrQ==":"img-20190127-wa0044-1199x795.jpg","G9ocWjy2bGgmerIseb+83w==":"img-20181118-wa0040-1280x640.jpg","7uDi7tSMtTOhp9YISGb3JQ==":"img-20181116-wa0032-1280x960.jpg","fJj/tfyvtDZ0VMHbScrc+w==":"img-20181118-wa0036-1040x780.jpg","jSob9hG21Gy6PrUjbyUxyA==":"img-20181022-wa0032-1280x960.jpg","YrMwP/e1TyB1loAz5692Cw==":"img-20181022-wa0035-1280x960.jpg","didwlqq+Soe44tldvf+C6A==":"img-20190106-wa0027-1280x719.jpg","grT2V3L1v4MpFGmI2aN8Tw==":"img-20190316-wa0011-1280x853.jpg","yweYqbSz8uFcB3CoX+CDmQ==":"img-20190103-wa0053-1040x780.jpg","TqBwUqf+IurczqS6H8RW6g==":"img_9006%20(copy)-868x579.jpg","9xo8kK1lNXsb5Lixe12h/w==":"code-html-web-programming-software-450w-493704067-450x284.jpg","ByroHMVaDBzZGcRPsl+Sxg==":"web-programming-bracket-technology-background-450w-1242117154-450x320.jpg","FAr/yG/DhDyyrZEoSbewaw==":"depositphotos_176354596-stock-video-abstract-technology-background-web-developer-608x342.jpg","lZAGQmiifE1T1GaqQGEuDA==":"bg-path-web-programming-1280x1024.jpg","VINuB1AkQl+5dAWRJBt1vQ==":"img-20180323-wa0002-1280x719.jpg","olEpC1mjZ7YjFlJjzcwzEg==":"img-20190411-wa0041~2-1040x493.jpg","kdCDvdWFRjsSV6nbI6H2HA==":"aeni_20181117_075226-982-432x336.jpg","dKwdNMZtMNJynrDtQXz4uw==":"img_9010%20(copy)-1728x1152.jpg","MthAI5Mjb99jMi5B+WIyZQ==":"pexels-photo-270348-1260x677.jpg","L8Sz4MJr61AEfNGLUirU1w==":"15591278_573853052811824_1666377882067430769_o-2000x1500.jpg"}